employee_id,platform,event,timestamp
E1015,AWS,Resource_Access,2026-05-28T17:10:10.507137
E1024,AWS,API_Call,2026-06-15T17:10:10.507158
E1172,Okta,Resource_Access,2026-06-09T17:10:10.507167
E1289,AWS,Login_Success,2026-05-28T17:10:10.507175
E1279,AD,Resource_Access,2026-06-01T17:10:10.507183
E1286,Okta,API_Call,2026-06-10T17:10:10.507190
E1021,AD,API_Call,2026-05-30T17:10:10.507197
E1205,AWS,Resource_Access,2026-06-01T17:10:10.507204
E1171,AD,Resource_Access,2026-06-09T17:10:10.507211
E1235,AD,API_Call,2026-06-01T17:10:10.507218
E1034,AWS,Login_Success,2026-06-18T17:10:10.507226
E1025,AWS,Login_Failed,2026-05-21T17:10:10.507234
E1201,AD,Resource_Access,2026-06-19T17:10:10.507241
E1216,AD,Login_Failed,2026-05-27T17:10:10.507248
E1101,AWS,Resource_Access,2026-05-21T17:10:10.507255
E1067,AD,Login_Failed,2026-05-30T17:10:10.507262
E1011,AWS,API_Call,2026-06-06T17:10:10.507269
E1036,Okta,Login_Failed,2026-06-04T17:10:10.507276
E1101,AWS,API_Call,2026-05-31T17:10:10.507283
E1254,AD,Login_Success,2026-06-20T17:10:10.507290
E1272,AWS,Resource_Access,2026-05-22T17:10:10.507297
E1167,AD,API_Call,2026-05-27T17:10:10.507304
E1027,Okta,Resource_Access,2026-06-14T17:10:10.507311
E1004,Okta,Resource_Access,2026-06-14T17:10:10.507319
E1267,AD,Login_Success,2026-06-06T17:10:10.507325
E1275,Okta,Resource_Access,2026-06-18T17:10:10.507333
E1277,Okta,API_Call,2026-05-29T17:10:10.507341
E1073,Okta,API_Call,2026-05-23T17:10:10.507348
E1028,AD,Login_Failed,2026-05-26T17:10:10.507356
E1048,Okta,Login_Failed,2026-06-17T17:10:10.507362
E1159,AD,Login_Failed,2026-05-26T17:10:10.507370
E1120,AD,API_Call,2026-06-03T17:10:10.507376
E1225,AWS,Resource_Access,2026-05-26T17:10:10.507383
E1276,AD,Login_Success,2026-06-18T17:10:10.507392
E1240,AWS,Resource_Access,2026-06-04T17:10:10.507399
E1039,AWS,Login_Success,2026-06-16T17:10:10.507406
E1037,Okta,Login_Success,2026-06-06T17:10:10.507413
E1118,Okta,API_Call,2026-06-16T17:10:10.507420
E1276,Okta,Login_Failed,2026-05-27T17:10:10.507427
E1112,AWS,Login_Success,2026-05-25T17:10:10.507435
E1098,Okta,Login_Failed,2026-06-11T17:10:10.507441
E1262,AD,API_Call,2026-05-22T17:10:10.507448
E1149,AWS,API_Call,2026-05-24T17:10:10.507456
E1161,AWS,Login_Failed,2026-05-31T17:10:10.507463
E1276,AWS,Login_Failed,2026-05-31T17:10:10.507469
E1064,Okta,Login_Success,2026-06-04T17:10:10.507476
E1284,Okta,Login_Failed,2026-06-15T17:10:10.507483
E1032,Okta,Login_Success,2026-05-25T17:10:10.507491
E1146,AD,Login_Success,2026-05-21T17:10:10.507498
E1020,AWS,Login_Failed,2026-05-27T17:10:10.507506
E1017,AWS,Login_Success,2026-06-05T17:10:10.507513
E1256,AWS,API_Call,2026-06-05T17:10:10.507520
E1123,Okta,Resource_Access,2026-06-11T17:10:10.507527
E1029,AD,Login_Success,2026-06-15T17:10:10.507535
E1024,AWS,Resource_Access,2026-06-06T17:10:10.507541
E1081,AWS,Login_Failed,2026-06-10T17:10:10.507548
E1277,Okta,API_Call,2026-06-08T17:10:10.507556
E1112,AWS,Login_Success,2026-06-10T17:10:10.507563
E1263,AWS,Login_Success,2026-06-12T17:10:10.507570
E1011,AD,Login_Failed,2026-06-17T17:10:10.507577
E1194,AWS,Resource_Access,2026-05-24T17:10:10.507584
E1107,AD,Login_Failed,2026-05-25T17:10:10.507591
E1053,Okta,API_Call,2026-06-14T17:10:10.507598
E1170,AWS,Resource_Access,2026-06-05T17:10:10.507605
E1033,AWS,Login_Success,2026-06-18T17:10:10.507612
E1176,Okta,Resource_Access,2026-05-21T17:10:10.507620
E1263,AD,API_Call,2026-06-19T17:10:10.507629
E1194,AWS,Resource_Access,2026-06-01T17:10:10.507633
E1162,AWS,Login_Success,2026-05-24T17:10:10.507638
E1096,AWS,Login_Failed,2026-05-23T17:10:10.507643
E1257,Okta,API_Call,2026-05-27T17:10:10.507647
E1125,AWS,Login_Success,2026-06-08T17:10:10.507652
E1050,Okta,Login_Failed,2026-06-09T17:10:10.507656
E1290,AWS,Login_Success,2026-06-08T17:10:10.507661
E1134,AWS,API_Call,2026-05-25T17:10:10.507665
E1182,AD,Login_Success,2026-06-08T17:10:10.507671
E1278,AWS,API_Call,2026-05-27T17:10:10.507675
E1075,AD,Resource_Access,2026-06-04T17:10:10.507681
E1295,AD,Login_Success,2026-06-16T17:10:10.507686
E1052,AWS,Resource_Access,2026-06-16T17:10:10.507691
E1007,AD,API_Call,2026-05-22T17:10:10.507695
E1277,AD,Resource_Access,2026-06-01T17:10:10.507700
E1028,Okta,API_Call,2026-06-04T17:10:10.507705
E1232,Okta,Resource_Access,2026-05-29T17:10:10.507709
E1151,AWS,Resource_Access,2026-05-25T17:10:10.507714
E1168,AWS,API_Call,2026-05-30T17:10:10.507718
E1124,AWS,API_Call,2026-05-26T17:10:10.507723
E1065,Okta,Resource_Access,2026-06-12T17:10:10.507728
E1049,Okta,Login_Failed,2026-05-28T17:10:10.507732
E1050,Okta,Resource_Access,2026-06-15T17:10:10.507737
E1115,Okta,Resource_Access,2026-06-16T17:10:10.507742
E1245,AD,Login_Success,2026-06-14T17:10:10.507747
E1066,AWS,API_Call,2026-06-07T17:10:10.507751
E1208,AWS,Login_Failed,2026-06-07T17:10:10.507756
E1190,Okta,Resource_Access,2026-05-24T17:10:10.507761
E1069,Okta,Login_Failed,2026-06-04T17:10:10.507765
E1231,Okta,API_Call,2026-05-30T17:10:10.507770
E1156,Okta,Resource_Access,2026-06-10T17:10:10.507774
E1275,AWS,API_Call,2026-06-03T17:10:10.507779
E1169,Okta,API_Call,2026-06-01T17:10:10.507784
E1143,AD,Login_Failed,2026-06-12T17:10:10.507789
E1089,AWS,Login_Failed,2026-05-21T17:10:10.507793
E1251,AWS,Login_Failed,2026-05-29T17:10:10.507798
E1294,AWS,Resource_Access,2026-06-09T17:10:10.507802
E1212,Okta,API_Call,2026-06-11T17:10:10.507807
E1267,Okta,Resource_Access,2026-05-23T17:10:10.507812
E1008,AWS,Login_Failed,2026-06-11T17:10:10.507817
E1080,AWS,Login_Success,2026-06-09T17:10:10.507822
E1237,Okta,API_Call,2026-05-28T17:10:10.507826
E1234,AD,Login_Failed,2026-05-25T17:10:10.507831
E1246,AWS,API_Call,2026-06-16T17:10:10.507836
E1096,Okta,Login_Failed,2026-06-13T17:10:10.507841
E1194,Okta,Login_Failed,2026-05-31T17:10:10.507845
E1180,AD,Login_Success,2026-06-07T17:10:10.507850
E1292,Okta,Resource_Access,2026-06-17T17:10:10.507854
E1019,AD,Login_Failed,2026-06-07T17:10:10.507859
E1056,AWS,Login_Failed,2026-05-27T17:10:10.507864
E1082,AWS,API_Call,2026-05-31T17:10:10.507869
E1045,AD,Login_Failed,2026-06-03T17:10:10.507874
E1184,AD,Resource_Access,2026-05-23T17:10:10.507879
E1285,AD,Resource_Access,2026-05-26T17:10:10.507884
E1059,AD,API_Call,2026-05-23T17:10:10.507889
E1184,AD,API_Call,2026-06-02T17:10:10.507893
E1238,AWS,API_Call,2026-06-06T17:10:10.507898
E1139,Okta,Resource_Access,2026-05-23T17:10:10.507903
E1223,Okta,Resource_Access,2026-06-12T17:10:10.507908
E1076,AD,API_Call,2026-06-15T17:10:10.507912
E1166,Okta,API_Call,2026-05-29T17:10:10.507917
E1272,AD,API_Call,2026-05-26T17:10:10.507921
E1205,Okta,Login_Failed,2026-06-15T17:10:10.507927
E1025,AWS,API_Call,2026-06-18T17:10:10.507932
E1157,Okta,Login_Success,2026-06-15T17:10:10.507936
E1047,AWS,API_Call,2026-05-22T17:10:10.507941
E1117,AD,API_Call,2026-06-08T17:10:10.507945
E1051,AWS,API_Call,2026-05-21T17:10:10.507950
E1141,AWS,Login_Success,2026-06-12T17:10:10.507955
E1031,Okta,Login_Failed,2026-06-19T17:10:10.507960
E1182,AWS,API_Call,2026-06-15T17:10:10.507964
E1025,Okta,API_Call,2026-05-29T17:10:10.507969
E1182,Okta,API_Call,2026-06-09T17:10:10.507974
E1229,AD,Login_Failed,2026-06-05T17:10:10.507979
E1252,AWS,API_Call,2026-06-07T17:10:10.507983
E1187,AWS,Login_Failed,2026-05-27T17:10:10.507989
E1147,Okta,Login_Success,2026-06-04T17:10:10.507994
E1235,Okta,API_Call,2026-06-18T17:10:10.507998
E1151,AD,Login_Success,2026-05-25T17:10:10.508003
E1271,Okta,Login_Failed,2026-06-02T17:10:10.508007
E1288,AD,Login_Failed,2026-06-10T17:10:10.508012
E1281,AWS,Login_Success,2026-05-30T17:10:10.508016
E1079,Okta,Resource_Access,2026-06-18T17:10:10.508021
E1063,AWS,Login_Success,2026-06-06T17:10:10.508026
E1129,Okta,Resource_Access,2026-06-06T17:10:10.508030
E1151,AD,Resource_Access,2026-05-30T17:10:10.508035
E1033,Okta,Login_Success,2026-06-08T17:10:10.508039
E1243,AD,Login_Failed,2026-06-02T17:10:10.508044
E1127,AD,Resource_Access,2026-06-09T17:10:10.508049
E1100,Okta,Login_Success,2026-05-22T17:10:10.508053
E1030,AWS,Login_Success,2026-06-11T17:10:10.508058
E1106,AD,Login_Failed,2026-05-27T17:10:10.508062
E1138,AWS,Resource_Access,2026-06-06T17:10:10.508068
E1175,AWS,Login_Success,2026-05-30T17:10:10.508072
E1131,AD,API_Call,2026-06-17T17:10:10.508077
E1193,Okta,Resource_Access,2026-06-04T17:10:10.508082
E1299,Okta,Login_Failed,2026-05-25T17:10:10.508087
E1296,AD,API_Call,2026-06-06T17:10:10.508091
E1139,AWS,Resource_Access,2026-05-25T17:10:10.508096
E1247,AD,Resource_Access,2026-06-09T17:10:10.508100
E1095,AWS,Login_Failed,2026-05-22T17:10:10.508105
E1209,AD,Resource_Access,2026-06-01T17:10:10.508110
E1168,AD,Login_Failed,2026-06-18T17:10:10.508115
E1042,Okta,Login_Success,2026-06-06T17:10:10.508119
E1192,AD,Login_Success,2026-06-08T17:10:10.508124
E1060,AD,Login_Failed,2026-05-27T17:10:10.508129
E1105,AD,API_Call,2026-06-13T17:10:10.508134
E1158,AWS,API_Call,2026-06-13T17:10:10.508139
E1044,AD,Login_Failed,2026-06-07T17:10:10.508144
E1028,AWS,Login_Success,2026-06-03T17:10:10.508149
E1014,Okta,Resource_Access,2026-06-03T17:10:10.508154
E1059,AD,API_Call,2026-05-21T17:10:10.508158
E1092,Okta,API_Call,2026-05-29T17:10:10.508163
E1150,AWS,Login_Failed,2026-06-11T17:10:10.508167
E1200,AD,Resource_Access,2026-06-13T17:10:10.508172
E1149,AWS,Login_Failed,2026-05-26T17:10:10.508177
E1260,AD,Resource_Access,2026-05-21T17:10:10.508181
E1150,Okta,Login_Failed,2026-06-08T17:10:10.508186
E1245,AWS,Login_Failed,2026-06-10T17:10:10.508190
E1161,AWS,API_Call,2026-06-18T17:10:10.508195
E1288,Okta,Login_Failed,2026-06-19T17:10:10.508200
E1121,AWS,Login_Success,2026-05-24T17:10:10.508204
E1127,AD,Login_Failed,2026-06-05T17:10:10.508209
E1231,AWS,API_Call,2026-05-21T17:10:10.508214
E1002,AD,Login_Failed,2026-05-21T17:10:10.508219
E1182,Okta,Resource_Access,2026-05-22T17:10:10.508224
E1245,Okta,Login_Failed,2026-06-08T17:10:10.508228
E1061,Okta,API_Call,2026-05-27T17:10:10.508233
E1283,AWS,Resource_Access,2026-06-03T17:10:10.508237
E1220,AWS,API_Call,2026-06-09T17:10:10.508242
E1135,AWS,Resource_Access,2026-06-17T17:10:10.508246
E1162,AWS,Login_Failed,2026-06-09T17:10:10.508251
E1000,AWS,Login_Success,2026-06-02T17:10:10.508256
E1229,Okta,Login_Failed,2026-06-20T17:10:10.508260
E1027,Okta,Resource_Access,2026-06-11T17:10:10.508266
E1252,AD,API_Call,2026-06-13T17:10:10.508270
E1207,Okta,Login_Failed,2026-06-05T17:10:10.508275
E1187,Okta,API_Call,2026-06-12T17:10:10.508280
E1294,Okta,Resource_Access,2026-06-06T17:10:10.508284
E1284,Okta,API_Call,2026-06-15T17:10:10.508289
E1047,Okta,Resource_Access,2026-06-15T17:10:10.508293
E1084,Okta,Login_Success,2026-06-04T17:10:10.508298
E1153,AD,Login_Success,2026-05-27T17:10:10.508303
E1093,AWS,Login_Failed,2026-05-25T17:10:10.508307
E1087,AD,Login_Failed,2026-06-20T17:10:10.508312
E1041,Okta,Resource_Access,2026-06-09T17:10:10.508316
E1045,Okta,Resource_Access,2026-05-30T17:10:10.508321
E1226,AD,Login_Success,2026-06-03T17:10:10.508326
E1276,AWS,Login_Success,2026-06-20T17:10:10.508330
E1239,Okta,API_Call,2026-06-03T17:10:10.508334
E1004,AD,Resource_Access,2026-05-26T17:10:10.508339
E1193,AD,Login_Success,2026-06-04T17:10:10.508344
E1266,AD,Login_Failed,2026-06-01T17:10:10.508349
E1072,AWS,API_Call,2026-06-12T17:10:10.508353
E1071,AD,API_Call,2026-05-21T17:10:10.508358
E1025,AWS,Login_Failed,2026-05-29T17:10:10.508362
E1149,AWS,Login_Success,2026-05-31T17:10:10.508367
E1265,AD,Resource_Access,2026-06-08T17:10:10.508372
E1175,Okta,Resource_Access,2026-06-19T17:10:10.508377
E1227,Okta,Login_Failed,2026-06-18T17:10:10.508381
E1055,AWS,API_Call,2026-06-02T17:10:10.508386
E1022,Okta,Login_Success,2026-06-13T17:10:10.508391
E1264,Okta,Resource_Access,2026-06-12T17:10:10.508396
E1181,AD,API_Call,2026-05-23T17:10:10.508400
E1139,Okta,Login_Success,2026-06-15T17:10:10.508405
E1177,AD,Login_Failed,2026-06-02T17:10:10.508410
E1075,Okta,Resource_Access,2026-05-22T17:10:10.508415
E1036,AWS,Login_Failed,2026-06-02T17:10:10.508420
E1263,Okta,Resource_Access,2026-05-30T17:10:10.508425
E1131,AWS,Resource_Access,2026-05-27T17:10:10.508430
E1047,Okta,Login_Success,2026-06-04T17:10:10.508435
E1152,AD,Login_Success,2026-06-07T17:10:10.508440
E1087,AD,API_Call,2026-06-01T17:10:10.508444
E1071,AWS,Login_Success,2026-05-31T17:10:10.508449
E1249,AWS,Resource_Access,2026-06-13T17:10:10.508454
E1023,Okta,Resource_Access,2026-06-07T17:10:10.508458
E1272,Okta,Resource_Access,2026-06-18T17:10:10.508463
E1205,AD,Login_Success,2026-06-18T17:10:10.508468
E1121,AD,Resource_Access,2026-05-29T17:10:10.508491
E1252,Okta,Resource_Access,2026-06-10T17:10:10.508496
E1031,AD,Login_Success,2026-06-20T17:10:10.508500
E1033,AWS,API_Call,2026-05-27T17:10:10.508505
E1248,AD,Login_Failed,2026-06-18T17:10:10.508509
E1272,AWS,Resource_Access,2026-06-03T17:10:10.508514
E1102,Okta,Resource_Access,2026-06-17T17:10:10.508518
E1065,AD,API_Call,2026-06-03T17:10:10.508523
E1236,Okta,API_Call,2026-05-24T17:10:10.508527
E1198,AD,API_Call,2026-06-07T17:10:10.508532
E1113,AD,Login_Failed,2026-06-02T17:10:10.508537
E1281,AD,Resource_Access,2026-06-15T17:10:10.508541
E1047,AWS,API_Call,2026-06-12T17:10:10.508546
E1120,AD,Login_Success,2026-06-15T17:10:10.508550
E1034,AWS,Resource_Access,2026-06-11T17:10:10.508555
E1143,AD,API_Call,2026-06-12T17:10:10.508559
E1147,Okta,Resource_Access,2026-06-01T17:10:10.508564
E1111,AWS,Login_Success,2026-06-16T17:10:10.508568
E1064,AD,Resource_Access,2026-06-10T17:10:10.508573
E1207,AWS,Resource_Access,2026-06-10T17:10:10.508578
E1116,Okta,Login_Failed,2026-06-11T17:10:10.508583
E1253,Okta,Login_Failed,2026-06-05T17:10:10.508587
E1000,AD,Resource_Access,2026-05-21T17:10:10.508592
E1277,AWS,Resource_Access,2026-05-21T17:10:10.508597
E1158,AD,API_Call,2026-06-08T17:10:10.508602
E1013,AWS,API_Call,2026-06-17T17:10:10.508607
E1151,AD,Login_Failed,2026-05-30T17:10:10.508611
E1187,AD,Resource_Access,2026-05-21T17:10:10.508616
E1244,AWS,API_Call,2026-05-25T17:10:10.508621
E1030,AWS,Resource_Access,2026-06-16T17:10:10.508627
E1064,AD,API_Call,2026-05-30T17:10:10.508632
E1252,Okta,Resource_Access,2026-05-26T17:10:10.508636
E1175,AD,Resource_Access,2026-06-01T17:10:10.508641
E1234,Okta,Resource_Access,2026-06-03T17:10:10.508645
E1188,Okta,Resource_Access,2026-06-03T17:10:10.508650
E1160,AWS,Login_Success,2026-06-17T17:10:10.508655
E1117,Okta,API_Call,2026-06-15T17:10:10.508660
E1122,Okta,Resource_Access,2026-05-21T17:10:10.508665
E1292,AWS,Login_Success,2026-06-20T17:10:10.508670
E1206,AWS,Login_Failed,2026-06-04T17:10:10.508674
E1289,Okta,Login_Failed,2026-06-06T17:10:10.508679
E1278,AWS,Resource_Access,2026-05-27T17:10:10.508683
E1190,AD,API_Call,2026-06-20T17:10:10.508688
E1143,AD,API_Call,2026-06-07T17:10:10.508693
E1270,AD,Login_Failed,2026-06-09T17:10:10.508698
E1211,AWS,Resource_Access,2026-05-26T17:10:10.508702
E1079,Okta,Resource_Access,2026-06-09T17:10:10.508706
E1056,AD,Resource_Access,2026-05-28T17:10:10.508711
E1035,AWS,Login_Success,2026-06-11T17:10:10.508716
E1122,Okta,Login_Success,2026-06-20T17:10:10.508720
E1012,Okta,Login_Success,2026-05-30T17:10:10.508724
E1262,Okta,Login_Failed,2026-06-04T17:10:10.508729
E1014,Okta,Login_Failed,2026-06-10T17:10:10.508734
E1212,AWS,Resource_Access,2026-06-13T17:10:10.508738
E1025,Okta,Login_Failed,2026-06-15T17:10:10.508743
E1099,AWS,Login_Success,2026-05-28T17:10:10.508747
E1132,AWS,Resource_Access,2026-06-08T17:10:10.508752
E1204,Okta,Login_Failed,2026-06-14T17:10:10.508757
E1254,Okta,Login_Success,2026-06-02T17:10:10.508761
E1021,Okta,Login_Failed,2026-06-09T17:10:10.508766
E1213,AD,Resource_Access,2026-06-17T17:10:10.508770
E1282,Okta,Resource_Access,2026-06-04T17:10:10.508775
E1000,Okta,Resource_Access,2026-06-01T17:10:10.508780
E1219,Okta,Login_Success,2026-06-09T17:10:10.508784
E1054,AWS,Login_Failed,2026-05-25T17:10:10.508789
E1251,Okta,Login_Success,2026-05-30T17:10:10.508795
E1223,AWS,Login_Success,2026-06-13T17:10:10.508799
E1215,AD,Login_Failed,2026-06-09T17:10:10.508804
E1142,Okta,Resource_Access,2026-06-07T17:10:10.508808
E1019,Okta,Resource_Access,2026-06-07T17:10:10.508813
E1272,AWS,Login_Failed,2026-06-03T17:10:10.508818
E1133,AWS,API_Call,2026-06-16T17:10:10.508822
E1272,AWS,Resource_Access,2026-06-01T17:10:10.508827
E1145,AWS,Login_Success,2026-06-05T17:10:10.508831
E1148,AD,Resource_Access,2026-05-21T17:10:10.508836
E1167,Okta,Resource_Access,2026-06-07T17:10:10.508841
E1006,AWS,Resource_Access,2026-06-05T17:10:10.508845
E1133,AD,Login_Success,2026-05-26T17:10:10.508850
E1010,AWS,Login_Success,2026-06-12T17:10:10.508855
E1149,Okta,API_Call,2026-06-15T17:10:10.508859
E1166,Okta,Resource_Access,2026-06-03T17:10:10.508864
E1063,AD,Login_Success,2026-06-12T17:10:10.508869
E1139,AWS,Login_Success,2026-05-27T17:10:10.508874
E1024,Okta,Login_Failed,2026-06-07T17:10:10.508878
E1021,Okta,Login_Failed,2026-06-11T17:10:10.508883
E1265,AWS,API_Call,2026-06-09T17:10:10.508888
E1109,AWS,Login_Success,2026-05-27T17:10:10.508893
E1108,AD,API_Call,2026-05-24T17:10:10.508898
E1094,AD,Login_Failed,2026-05-26T17:10:10.508902
E1079,AD,Login_Success,2026-06-02T17:10:10.508907
E1164,Okta,API_Call,2026-06-01T17:10:10.508912
E1246,AD,API_Call,2026-05-29T17:10:10.508916
E1189,AWS,API_Call,2026-05-21T17:10:10.508921
E1007,Okta,Login_Success,2026-06-16T17:10:10.508926
E1039,AD,API_Call,2026-05-24T17:10:10.508931
E1216,Okta,Login_Failed,2026-06-13T17:10:10.508936
E1119,Okta,API_Call,2026-05-25T17:10:10.508941
E1147,Okta,Resource_Access,2026-06-05T17:10:10.508945
E1142,Okta,API_Call,2026-05-31T17:10:10.508950
E1217,AWS,Resource_Access,2026-06-18T17:10:10.508954
E1236,AWS,API_Call,2026-05-29T17:10:10.508959
E1015,AWS,Resource_Access,2026-06-10T17:10:10.508964
E1070,AD,Login_Success,2026-05-28T17:10:10.508969
E1166,Okta,API_Call,2026-05-24T17:10:10.508974
E1100,Okta,Resource_Access,2026-06-14T17:10:10.508978
E1094,AD,Resource_Access,2026-06-12T17:10:10.508983
E1199,AWS,API_Call,2026-06-03T17:10:10.508988
E1020,AD,Resource_Access,2026-05-26T17:10:10.508992
E1012,Okta,Login_Success,2026-06-19T17:10:10.508998
E1206,Okta,Resource_Access,2026-06-20T17:10:10.509003
E1098,AD,Resource_Access,2026-06-06T17:10:10.509007
E1280,AWS,Login_Failed,2026-05-29T17:10:10.509012
E1129,Okta,API_Call,2026-06-15T17:10:10.509017
E1258,AD,API_Call,2026-06-12T17:10:10.509022
E1086,AWS,Login_Failed,2026-06-19T17:10:10.509026
E1008,Okta,API_Call,2026-05-28T17:10:10.509031
E1180,AWS,Login_Success,2026-05-29T17:10:10.509035
E1022,AD,Login_Failed,2026-06-05T17:10:10.509040
E1036,AD,Login_Failed,2026-06-04T17:10:10.509044
E1126,AD,Login_Success,2026-05-29T17:10:10.509049
E1012,AD,Resource_Access,2026-05-29T17:10:10.509054
E1129,AWS,Login_Success,2026-06-13T17:10:10.509058
E1224,AD,Login_Success,2026-06-17T17:10:10.509063
E1000,AWS,API_Call,2026-06-16T17:10:10.509067
E1092,AD,Login_Failed,2026-06-18T17:10:10.509072
E1239,Okta,Login_Success,2026-06-01T17:10:10.509077
E1262,AWS,API_Call,2026-05-28T17:10:10.509081
E1018,Okta,Login_Failed,2026-05-22T17:10:10.509086
E1039,Okta,Resource_Access,2026-05-24T17:10:10.509091
E1041,AD,Login_Success,2026-06-16T17:10:10.509095
E1098,Okta,Resource_Access,2026-06-09T17:10:10.509100
E1094,AWS,Login_Failed,2026-06-13T17:10:10.509104
E1214,Okta,Login_Success,2026-06-13T17:10:10.509109
E1290,Okta,API_Call,2026-05-27T17:10:10.509114
E1065,Okta,API_Call,2026-06-14T17:10:10.509118
E1289,Okta,Login_Failed,2026-05-28T17:10:10.509123
E1219,AWS,Login_Success,2026-05-26T17:10:10.509128
E1061,AWS,Resource_Access,2026-06-17T17:10:10.509132
E1263,AWS,Login_Success,2026-06-04T17:10:10.509137
E1274,AWS,API_Call,2026-06-16T17:10:10.509142
E1113,Okta,Resource_Access,2026-06-09T17:10:10.509146
E1256,Okta,Login_Failed,2026-05-27T17:10:10.509151
E1016,AD,Login_Success,2026-06-02T17:10:10.509156
E1090,AD,API_Call,2026-06-14T17:10:10.509160
E1295,AD,Resource_Access,2026-06-04T17:10:10.509165
E1004,Okta,Resource_Access,2026-06-07T17:10:10.509169
E1157,AD,Login_Failed,2026-06-12T17:10:10.509174
E1086,AWS,Login_Success,2026-06-04T17:10:10.509179
E1081,AD,API_Call,2026-06-08T17:10:10.509184
E1073,AWS,Resource_Access,2026-05-28T17:10:10.509189
E1061,AD,Login_Failed,2026-06-18T17:10:10.509194
E1034,AD,Resource_Access,2026-06-01T17:10:10.509198
E1105,AWS,Login_Failed,2026-06-17T17:10:10.509203
E1274,Okta,Login_Failed,2026-05-29T17:10:10.509207
E1001,AD,Resource_Access,2026-05-21T17:10:10.509212
E1152,Okta,API_Call,2026-06-15T17:10:10.509217
E1242,AD,API_Call,2026-05-28T17:10:10.509222
E1182,AD,API_Call,2026-05-26T17:10:10.509227
E1094,AWS,Login_Success,2026-06-12T17:10:10.509232
E1020,Okta,Login_Success,2026-06-05T17:10:10.509236
E1104,Okta,API_Call,2026-06-19T17:10:10.509241
E1055,Okta,Login_Failed,2026-06-09T17:10:10.509245
E1043,AWS,Login_Success,2026-05-23T17:10:10.509250
E1225,Okta,Login_Success,2026-06-13T17:10:10.509254
E1232,AD,Login_Success,2026-05-24T17:10:10.509259
E1274,AD,Login_Success,2026-06-05T17:10:10.509263
E1297,AWS,Login_Failed,2026-06-15T17:10:10.509268
E1160,Okta,Resource_Access,2026-06-13T17:10:10.509273
E1253,AD,Resource_Access,2026-05-22T17:10:10.509277
E1277,AWS,Login_Success,2026-06-02T17:10:10.509282
E1242,AD,Login_Success,2026-06-15T17:10:10.509287
E1130,Okta,Login_Success,2026-05-21T17:10:10.509291
E1157,AD,Resource_Access,2026-05-24T17:10:10.509296
E1283,AWS,API_Call,2026-06-18T17:10:10.509300
E1290,AWS,Login_Success,2026-06-09T17:10:10.509305
E1159,AWS,API_Call,2026-05-28T17:10:10.509309
E1245,AWS,API_Call,2026-06-02T17:10:10.509314
E1120,AD,Login_Failed,2026-06-16T17:10:10.509319
E1093,AWS,Login_Success,2026-06-13T17:10:10.509324
E1084,AWS,Login_Success,2026-05-21T17:10:10.509329
E1144,AD,Resource_Access,2026-05-24T17:10:10.509333
E1033,AD,Login_Failed,2026-06-04T17:10:10.509338
E1108,AWS,Resource_Access,2026-05-21T17:10:10.509343
E1045,AD,API_Call,2026-06-18T17:10:10.509347
E1122,AD,Resource_Access,2026-05-29T17:10:10.509352
E1242,AWS,Login_Success,2026-06-02T17:10:10.509357
E1022,Okta,Login_Failed,2026-05-31T17:10:10.509361
E1176,AD,Login_Success,2026-06-07T17:10:10.509366
E1112,AD,API_Call,2026-06-12T17:10:10.509371
E1177,AWS,API_Call,2026-06-10T17:10:10.509375
E1035,AWS,Login_Failed,2026-06-18T17:10:10.509380
E1074,AD,Login_Success,2026-06-16T17:10:10.509385
E1238,AD,Resource_Access,2026-06-06T17:10:10.509389
E1000,AWS,Login_Success,2026-06-03T17:10:10.509394
E1220,AD,Resource_Access,2026-06-11T17:10:10.509398
E1260,AWS,Login_Success,2026-06-18T17:10:10.509403
E1043,Okta,API_Call,2026-05-25T17:10:10.509407
E1295,AD,API_Call,2026-06-16T17:10:10.509413
E1174,Okta,Login_Failed,2026-05-21T17:10:10.509418
E1023,AWS,Login_Success,2026-05-30T17:10:10.509422
E1028,AWS,Login_Failed,2026-06-20T17:10:10.509427
E1025,AWS,Login_Failed,2026-06-17T17:10:10.509432
E1179,AD,Login_Failed,2026-06-17T17:10:10.509436
E1274,AD,Login_Failed,2026-06-16T17:10:10.509441
E1132,AWS,API_Call,2026-05-30T17:10:10.509446
E1270,Okta,API_Call,2026-05-22T17:10:10.509450
E1269,AD,Login_Success,2026-06-14T17:10:10.509455
E1126,AD,Login_Success,2026-05-23T17:10:10.509460
E1292,AD,Login_Success,2026-05-21T17:10:10.509465
E1179,AD,Login_Failed,2026-05-22T17:10:10.509469
E1225,AWS,Resource_Access,2026-06-05T17:10:10.509474
E1201,AWS,Resource_Access,2026-06-15T17:10:10.509479
E1169,AD,Login_Failed,2026-06-12T17:10:10.509484
E1013,AWS,Login_Failed,2026-06-19T17:10:10.509489
E1123,Okta,API_Call,2026-06-05T17:10:10.509494
E1039,Okta,Resource_Access,2026-06-19T17:10:10.509498
E1109,AWS,Resource_Access,2026-06-16T17:10:10.509502
E1107,AD,Login_Failed,2026-05-31T17:10:10.509507
E1139,AD,Resource_Access,2026-05-26T17:10:10.509512
E1220,AWS,Resource_Access,2026-06-09T17:10:10.509517
E1046,Okta,API_Call,2026-06-08T17:10:10.509522
E1248,AD,Login_Success,2026-06-10T17:10:10.509526
E1010,AD,API_Call,2026-06-19T17:10:10.509531
E1016,Okta,API_Call,2026-05-27T17:10:10.509536
E1097,AD,Login_Failed,2026-06-17T17:10:10.509540
E1147,Okta,Login_Failed,2026-06-12T17:10:10.509545
E1173,Okta,Login_Success,2026-05-27T17:10:10.509550
E1010,Okta,Resource_Access,2026-06-09T17:10:10.509555
E1275,AD,Login_Failed,2026-06-02T17:10:10.509559
E1037,Okta,API_Call,2026-05-22T17:10:10.509564
E1146,Okta,API_Call,2026-05-21T17:10:10.509569
E1067,Okta,Login_Failed,2026-06-02T17:10:10.509574
E1250,AWS,API_Call,2026-06-15T17:10:10.509579
E1006,AD,Login_Success,2026-06-19T17:10:10.509583
E1180,Okta,Login_Failed,2026-06-20T17:10:10.509588
E1072,AWS,Login_Success,2026-06-10T17:10:10.509592
E1074,AD,API_Call,2026-05-29T17:10:10.509597
E1285,AWS,Login_Success,2026-06-20T17:10:10.509601
E1040,Okta,Login_Failed,2026-05-27T17:10:10.509606
E1124,Okta,API_Call,2026-05-21T17:10:10.509611
E1127,AWS,Resource_Access,2026-06-02T17:10:10.509615
E1042,AWS,API_Call,2026-06-10T17:10:10.509621
E1148,AD,Resource_Access,2026-05-26T17:10:10.509626
E1226,Okta,API_Call,2026-06-15T17:10:10.509631
E1167,Okta,API_Call,2026-06-13T17:10:10.509636
E1014,AWS,API_Call,2026-05-28T17:10:10.509641
E1003,AD,Login_Failed,2026-05-28T17:10:10.509645
E1280,Okta,Resource_Access,2026-05-24T17:10:10.509650
E1067,AD,Login_Failed,2026-06-01T17:10:10.509655
E1037,Okta,Login_Failed,2026-05-31T17:10:10.509660
E1046,AD,Resource_Access,2026-06-16T17:10:10.509664
E1292,Okta,Login_Success,2026-06-13T17:10:10.509669
E1152,AWS,Login_Failed,2026-05-31T17:10:10.509673
E1136,Okta,API_Call,2026-06-06T17:10:10.509679
E1001,AWS,Login_Failed,2026-06-13T17:10:10.509692
E1090,AWS,API_Call,2026-05-26T17:10:10.509696
E1096,Okta,Login_Success,2026-06-19T17:10:10.509701
E1198,AWS,Resource_Access,2026-06-15T17:10:10.509706
E1291,AWS,Resource_Access,2026-06-09T17:10:10.509710
E1256,AWS,Login_Success,2026-05-25T17:10:10.509715
E1234,Okta,Login_Failed,2026-06-15T17:10:10.509720
E1035,AD,Login_Success,2026-06-11T17:10:10.509725
E1259,AWS,API_Call,2026-05-21T17:10:10.509729
E1103,AD,API_Call,2026-06-15T17:10:10.509734
E1200,AD,Login_Success,2026-06-03T17:10:10.509738
E1236,AWS,Resource_Access,2026-05-29T17:10:10.509743
E1201,AWS,Login_Failed,2026-06-01T17:10:10.509748
E1034,AD,Login_Success,2026-06-17T17:10:10.509753
E1292,AD,Login_Failed,2026-06-07T17:10:10.509757
E1290,Okta,API_Call,2026-05-30T17:10:10.509762
E1283,AWS,Login_Failed,2026-06-17T17:10:10.509767
E1194,AWS,Resource_Access,2026-06-16T17:10:10.509771
E1145,AWS,Login_Success,2026-06-07T17:10:10.509776
E1109,AWS,Resource_Access,2026-06-14T17:10:10.509781
E1026,AD,Login_Failed,2026-06-15T17:10:10.509785
E1189,AD,Resource_Access,2026-05-24T17:10:10.509790
E1078,AWS,Resource_Access,2026-06-05T17:10:10.509796
E1294,Okta,API_Call,2026-06-18T17:10:10.509800
E1139,AWS,Login_Failed,2026-06-09T17:10:10.509805
E1092,AWS,Login_Failed,2026-06-06T17:10:10.509809
E1122,AWS,Resource_Access,2026-06-06T17:10:10.509814
E1282,AD,API_Call,2026-06-02T17:10:10.509818
E1069,AD,Login_Success,2026-06-18T17:10:10.509823
E1005,Okta,Resource_Access,2026-05-27T17:10:10.509828
E1273,Okta,Login_Success,2026-05-25T17:10:10.509833
E1113,Okta,Resource_Access,2026-05-21T17:10:10.509837
E1288,Okta,Resource_Access,2026-06-02T17:10:10.509842
E1051,AWS,API_Call,2026-06-18T17:10:10.509847
E1008,Okta,Login_Success,2026-06-04T17:10:10.509851
E1017,Okta,Login_Failed,2026-06-17T17:10:10.509856
E1009,AD,Login_Failed,2026-06-14T17:10:10.509861
E1076,AD,Login_Success,2026-06-07T17:10:10.509866
E1161,Okta,Resource_Access,2026-06-14T17:10:10.509870
E1040,Okta,API_Call,2026-06-10T17:10:10.509875
E1090,AD,Resource_Access,2026-06-03T17:10:10.509880
E1071,Okta,API_Call,2026-05-24T17:10:10.509885
E1214,Okta,Resource_Access,2026-05-22T17:10:10.509889
E1274,Okta,Resource_Access,2026-06-17T17:10:10.509894
E1217,AD,Login_Failed,2026-06-02T17:10:10.509899
E1128,AD,Login_Success,2026-06-02T17:10:10.509904
E1042,AWS,API_Call,2026-05-23T17:10:10.509910
E1039,AWS,Resource_Access,2026-05-31T17:10:10.509914
E1241,Okta,Resource_Access,2026-06-19T17:10:10.509919
E1275,AWS,Resource_Access,2026-06-16T17:10:10.509923
E1157,AD,Resource_Access,2026-05-23T17:10:10.509928
E1292,Okta,Login_Failed,2026-06-19T17:10:10.509933
E1056,AWS,API_Call,2026-06-20T17:10:10.509937
E1032,AWS,API_Call,2026-06-12T17:10:10.509942
E1006,Okta,Login_Success,2026-05-24T17:10:10.509946
E1273,AD,API_Call,2026-05-28T17:10:10.509951
E1237,AWS,API_Call,2026-05-28T17:10:10.509956
E1150,Okta,Login_Success,2026-06-14T17:10:10.509960
E1237,AD,Resource_Access,2026-05-28T17:10:10.509965
E1241,Okta,API_Call,2026-05-25T17:10:10.509970
E1105,Okta,Login_Failed,2026-06-18T17:10:10.509974
E1211,Okta,Resource_Access,2026-06-16T17:10:10.509979
E1115,Okta,Login_Success,2026-06-15T17:10:10.509983
E1076,AD,Login_Success,2026-06-13T17:10:10.509988
E1265,AWS,Login_Success,2026-05-22T17:10:10.509993
E1031,Okta,Login_Failed,2026-06-12T17:10:10.509997
E1015,AWS,Resource_Access,2026-05-31T17:10:10.510002
E1098,Okta,Login_Success,2026-06-13T17:10:10.510006
E1242,AWS,Resource_Access,2026-06-15T17:10:10.510011
E1165,Okta,API_Call,2026-06-09T17:10:10.510016
E1057,AWS,Login_Success,2026-06-11T17:10:10.510021
E1146,AWS,Login_Success,2026-06-15T17:10:10.510025
E1017,AD,Login_Failed,2026-05-31T17:10:10.510030
E1149,Okta,Login_Failed,2026-06-12T17:10:10.510035
E1106,Okta,Login_Success,2026-05-24T17:10:10.510039
E1227,AWS,Login_Failed,2026-05-31T17:10:10.510044
E1275,Okta,Login_Success,2026-06-13T17:10:10.510049
E1230,Okta,API_Call,2026-05-29T17:10:10.510054
E1258,AWS,Resource_Access,2026-05-24T17:10:10.510058
E1163,AWS,API_Call,2026-06-14T17:10:10.510063
E1118,AWS,Resource_Access,2026-06-02T17:10:10.510068
E1021,AD,API_Call,2026-06-03T17:10:10.510073
E1283,AWS,Login_Success,2026-06-05T17:10:10.510078
E1100,AWS,API_Call,2026-05-31T17:10:10.510082
E1213,AWS,API_Call,2026-05-31T17:10:10.510087
E1251,AD,Login_Failed,2026-06-04T17:10:10.510092
E1263,AD,Resource_Access,2026-05-30T17:10:10.510097
E1277,Okta,Login_Failed,2026-05-28T17:10:10.510101
E1065,Okta,Resource_Access,2026-06-11T17:10:10.510106
E1268,AWS,Resource_Access,2026-06-08T17:10:10.510110
E1160,Okta,Login_Failed,2026-06-10T17:10:10.510115
E1229,Okta,Resource_Access,2026-05-22T17:10:10.510120
E1220,Okta,API_Call,2026-05-24T17:10:10.510125
E1088,Okta,Login_Failed,2026-06-11T17:10:10.510130
E1026,AWS,Login_Failed,2026-05-28T17:10:10.510135
E1268,Okta,Login_Failed,2026-05-21T17:10:10.510140
E1144,Okta,Login_Success,2026-06-13T17:10:10.510145
E1169,AD,API_Call,2026-06-07T17:10:10.510149
E1292,AWS,API_Call,2026-06-02T17:10:10.510154
E1003,AWS,Login_Success,2026-06-05T17:10:10.510159
E1145,Okta,Login_Success,2026-06-05T17:10:10.510163
E1185,Okta,Login_Success,2026-05-24T17:10:10.510168
E1092,Okta,API_Call,2026-06-07T17:10:10.510173
E1145,AD,Login_Failed,2026-06-14T17:10:10.510177
E1012,AWS,Resource_Access,2026-06-16T17:10:10.510182
E1177,Okta,Login_Failed,2026-05-27T17:10:10.510187
E1221,AWS,API_Call,2026-05-31T17:10:10.510191
E1285,AWS,Login_Success,2026-06-20T17:10:10.510196
E1035,AWS,Login_Failed,2026-05-27T17:10:10.510200
E1284,Okta,Login_Failed,2026-06-05T17:10:10.510205
E1136,AD,Resource_Access,2026-05-31T17:10:10.510210
E1094,AWS,Resource_Access,2026-05-21T17:10:10.510214
E1156,AWS,Login_Success,2026-06-19T17:10:10.510219
E1173,AD,API_Call,2026-05-21T17:10:10.510223
E1002,AWS,Login_Failed,2026-06-20T17:10:10.510228
E1204,Okta,Login_Failed,2026-06-13T17:10:10.510233
E1005,AWS,Login_Failed,2026-06-17T17:10:10.510237
E1224,Okta,API_Call,2026-06-15T17:10:10.510242
E1073,AD,API_Call,2026-05-21T17:10:10.510246
E1196,AWS,API_Call,2026-06-07T17:10:10.510251
E1223,AWS,Resource_Access,2026-06-09T17:10:10.510256
E1250,AD,Resource_Access,2026-06-20T17:10:10.510261
E1273,AD,Login_Failed,2026-06-14T17:10:10.510266
E1222,Okta,Login_Failed,2026-06-17T17:10:10.510270
E1101,Okta,Login_Success,2026-06-08T17:10:10.510275
E1243,Okta,Login_Success,2026-06-01T17:10:10.510280
E1192,Okta,Login_Success,2026-05-31T17:10:10.510284
E1259,AD,Login_Success,2026-06-07T17:10:10.510289
E1126,AWS,Login_Success,2026-06-03T17:10:10.510294
E1230,AWS,Login_Failed,2026-06-14T17:10:10.510298
E1227,AWS,Resource_Access,2026-05-30T17:10:10.510303
E1042,Okta,API_Call,2026-06-01T17:10:10.510307
E1019,AWS,Login_Success,2026-06-04T17:10:10.510312
E1182,AWS,Login_Success,2026-05-26T17:10:10.510317
E1238,AWS,Login_Failed,2026-06-01T17:10:10.510322
E1159,AWS,Login_Failed,2026-06-09T17:10:10.510326
E1106,AWS,Login_Failed,2026-06-19T17:10:10.510331
E1271,AWS,Login_Failed,2026-05-29T17:10:10.510336
E1083,AWS,Login_Failed,2026-06-20T17:10:10.510340
E1274,Okta,Login_Success,2026-05-22T17:10:10.510344
E1124,Okta,Resource_Access,2026-06-16T17:10:10.510349
E1174,Okta,Login_Success,2026-05-28T17:10:10.510354
E1042,AWS,Login_Failed,2026-06-06T17:10:10.510359
E1205,AWS,Resource_Access,2026-06-19T17:10:10.510363
E1042,AD,Login_Success,2026-05-24T17:10:10.510368
E1196,AWS,API_Call,2026-06-07T17:10:10.510373
E1078,AD,Login_Success,2026-06-20T17:10:10.510377
E1019,Okta,Login_Failed,2026-06-10T17:10:10.510383
E1220,AWS,API_Call,2026-05-23T17:10:10.510388
E1236,AWS,API_Call,2026-06-15T17:10:10.510392
E1068,AWS,Resource_Access,2026-05-21T17:10:10.510397
E1104,AWS,Resource_Access,2026-05-29T17:10:10.510401
E1156,AWS,Login_Failed,2026-06-17T17:10:10.510406
E1129,Okta,Login_Success,2026-05-21T17:10:10.510411
E1170,AD,Resource_Access,2026-05-22T17:10:10.510416
E1143,Okta,Resource_Access,2026-06-15T17:10:10.510420
E1207,AWS,Login_Success,2026-05-24T17:10:10.510425
E1112,AWS,Resource_Access,2026-06-17T17:10:10.510430
E1039,AWS,Login_Success,2026-06-18T17:10:10.510435
E1027,Okta,API_Call,2026-06-20T17:10:10.510439
E1115,Okta,Login_Failed,2026-05-21T17:10:10.510444
E1062,Okta,Login_Success,2026-06-07T17:10:10.510449
E1117,AWS,API_Call,2026-05-30T17:10:10.510454
E1198,AD,Login_Success,2026-06-20T17:10:10.510459
E1043,Okta,Resource_Access,2026-05-24T17:10:10.510464
E1059,AD,Login_Success,2026-05-27T17:10:10.510469
E1006,AWS,Login_Failed,2026-06-10T17:10:10.510473
E1254,AD,Login_Failed,2026-06-03T17:10:10.510478
E1175,AWS,Login_Failed,2026-06-18T17:10:10.510482
E1077,AWS,Resource_Access,2026-06-18T17:10:10.510487
E1055,AWS,API_Call,2026-06-17T17:10:10.510491
E1172,Okta,Login_Success,2026-06-17T17:10:10.510496
E1125,AWS,Login_Success,2026-06-03T17:10:10.510501
E1187,AD,Login_Success,2026-05-26T17:10:10.510505
E1064,Okta,Login_Failed,2026-05-31T17:10:10.510511
E1104,AWS,API_Call,2026-05-25T17:10:10.510516
E1145,AD,Resource_Access,2026-06-10T17:10:10.510521
E1212,Okta,Resource_Access,2026-05-29T17:10:10.510525
E1297,Okta,Resource_Access,2026-06-17T17:10:10.510530
E1026,Okta,Login_Failed,2026-06-20T17:10:10.510534
E1085,AWS,API_Call,2026-06-03T17:10:10.510539
E1203,AWS,Login_Success,2026-06-19T17:10:10.510544
E1262,AWS,Login_Failed,2026-05-25T17:10:10.510548
E1106,AD,API_Call,2026-06-01T17:10:10.510553
E1111,AD,Login_Success,2026-05-22T17:10:10.510558
E1176,AD,Resource_Access,2026-05-25T17:10:10.510562
E1218,Okta,API_Call,2026-06-17T17:10:10.510567
E1217,AD,Login_Success,2026-05-27T17:10:10.510572
E1011,AWS,Login_Failed,2026-05-21T17:10:10.510577
E1055,AD,Login_Success,2026-06-03T17:10:10.510581
E1099,Okta,Resource_Access,2026-05-22T17:10:10.510586
E1232,AD,Login_Failed,2026-05-28T17:10:10.510591
E1299,AD,Resource_Access,2026-05-30T17:10:10.510596
E1253,Okta,Resource_Access,2026-06-07T17:10:10.510601
E1117,AWS,Resource_Access,2026-05-21T17:10:10.510606
E1012,AWS,Resource_Access,2026-05-26T17:10:10.510610
E1223,AD,Resource_Access,2026-06-01T17:10:10.510614
E1135,AWS,API_Call,2026-05-29T17:10:10.510621
E1290,Okta,Login_Failed,2026-06-14T17:10:10.510626
E1244,Okta,API_Call,2026-05-30T17:10:10.510630
E1005,Okta,Login_Failed,2026-05-29T17:10:10.510635
E1193,Okta,API_Call,2026-05-29T17:10:10.510640
E1078,AWS,Resource_Access,2026-06-02T17:10:10.510645
E1017,Okta,Resource_Access,2026-05-30T17:10:10.510649
E1173,AWS,Resource_Access,2026-05-26T17:10:10.510654
E1274,Okta,Login_Success,2026-06-20T17:10:10.510659
E1092,AD,Login_Success,2026-05-30T17:10:10.510663
E1105,AD,API_Call,2026-05-27T17:10:10.510668
E1191,AWS,API_Call,2026-06-16T17:10:10.510673
E1069,Okta,API_Call,2026-06-14T17:10:10.510677
E1084,AD,API_Call,2026-05-25T17:10:10.510682
E1035,AD,Login_Failed,2026-05-28T17:10:10.510687
E1167,AWS,Login_Failed,2026-06-04T17:10:10.510691
E1082,Okta,Login_Success,2026-05-22T17:10:10.510696
E1092,AWS,Resource_Access,2026-05-21T17:10:10.510701
E1000,Okta,Login_Success,2026-06-20T17:10:10.510706
E1228,AD,Resource_Access,2026-05-25T17:10:10.510711
E1149,Okta,API_Call,2026-05-27T17:10:10.510716
E1256,Okta,Login_Failed,2026-05-27T17:10:10.510720
E1185,AWS,Resource_Access,2026-06-15T17:10:10.510725
E1269,AD,Login_Failed,2026-05-28T17:10:10.510730
E1007,AD,Resource_Access,2026-06-19T17:10:10.510734
E1094,AWS,API_Call,2026-06-16T17:10:10.510739
E1191,Okta,API_Call,2026-06-20T17:10:10.510743
E1292,AWS,Login_Failed,2026-06-19T17:10:10.510748
E1252,AWS,Login_Success,2026-05-27T17:10:10.510753
E1044,AWS,API_Call,2026-06-18T17:10:10.510758
E1037,Okta,Login_Failed,2026-05-21T17:10:10.510763
E1155,Okta,Login_Success,2026-05-26T17:10:10.510767
E1134,AD,Resource_Access,2026-06-03T17:10:10.510772
E1288,AWS,Login_Success,2026-06-09T17:10:10.510776
E1229,AD,API_Call,2026-06-10T17:10:10.510781
E1031,AWS,Login_Failed,2026-05-21T17:10:10.510785
E1239,AWS,Login_Success,2026-06-17T17:10:10.510790
E1152,AWS,Login_Failed,2026-05-23T17:10:10.510795
E1245,AD,API_Call,2026-06-08T17:10:10.510800
E1068,AWS,API_Call,2026-06-03T17:10:10.510805
E1283,AD,API_Call,2026-06-04T17:10:10.510810
E1232,AWS,Resource_Access,2026-06-19T17:10:10.510814
E1205,Okta,Login_Failed,2026-06-10T17:10:10.510819
E1007,AD,Login_Success,2026-06-15T17:10:10.510823
E1246,Okta,Login_Success,2026-05-31T17:10:10.510828
E1073,AD,Login_Failed,2026-05-24T17:10:10.510833
E1279,AD,Login_Failed,2026-06-03T17:10:10.510839
E1034,Okta,Login_Success,2026-05-28T17:10:10.510844
E1252,AD,Resource_Access,2026-05-29T17:10:10.510848
E1292,AD,Login_Success,2026-06-18T17:10:10.510853
E1145,AD,API_Call,2026-06-03T17:10:10.510857
E1197,Okta,Login_Failed,2026-05-22T17:10:10.510862
E1268,AWS,Resource_Access,2026-06-06T17:10:10.510866
E1025,AWS,API_Call,2026-06-20T17:10:10.510871
E1255,Okta,Login_Success,2026-06-03T17:10:10.510875
E1093,Okta,Login_Success,2026-05-27T17:10:10.510880
E1097,AD,Login_Success,2026-06-09T17:10:10.510885
E1195,AD,API_Call,2026-05-26T17:10:10.510896
E1044,Okta,Login_Success,2026-06-11T17:10:10.510900
E1060,AWS,Resource_Access,2026-05-25T17:10:10.510905
E1201,AWS,Login_Failed,2026-06-03T17:10:10.510910
E1010,AD,Resource_Access,2026-05-26T17:10:10.510914
E1256,AWS,Login_Failed,2026-06-11T17:10:10.510919
E1278,AD,Login_Failed,2026-06-17T17:10:10.510925
E1080,AD,Resource_Access,2026-06-03T17:10:10.510930
E1271,AD,API_Call,2026-06-14T17:10:10.510935
E1005,AD,Resource_Access,2026-05-23T17:10:10.510940
E1135,AD,Login_Failed,2026-06-15T17:10:10.510945
E1229,Okta,API_Call,2026-06-14T17:10:10.510950
E1068,AD,Login_Success,2026-05-24T17:10:10.510955
E1187,AWS,Login_Success,2026-06-11T17:10:10.510960
E1090,AWS,Login_Success,2026-06-14T17:10:10.510965
E1070,AWS,API_Call,2026-06-09T17:10:10.510969
E1299,Okta,Login_Failed,2026-06-17T17:10:10.510974
E1154,Okta,Login_Success,2026-05-23T17:10:10.510978
E1185,AWS,Resource_Access,2026-06-06T17:10:10.510983
E1141,Okta,API_Call,2026-05-29T17:10:10.510988
E1097,AD,API_Call,2026-05-26T17:10:10.510992
E1177,AWS,Login_Failed,2026-06-20T17:10:10.510997
E1000,AD,Login_Failed,2026-05-29T17:10:10.511001
E1137,AWS,API_Call,2026-06-16T17:10:10.511006
E1292,AWS,Resource_Access,2026-06-06T17:10:10.511011
E1220,AWS,Resource_Access,2026-06-03T17:10:10.511016
E1096,AD,Login_Success,2026-05-25T17:10:10.511020
E1013,AD,Login_Failed,2026-06-12T17:10:10.511025
E1036,Okta,Login_Success,2026-05-23T17:10:10.511030
E1066,Okta,Login_Success,2026-05-25T17:10:10.511035
E1070,Okta,Resource_Access,2026-05-27T17:10:10.511039
E1264,AD,API_Call,2026-06-03T17:10:10.511044
E1131,AWS,Login_Failed,2026-06-09T17:10:10.511049
E1219,AD,API_Call,2026-06-16T17:10:10.511054
E1260,Okta,Login_Success,2026-06-08T17:10:10.511058
E1297,Okta,Login_Success,2026-05-30T17:10:10.511063
E1061,Okta,Login_Failed,2026-05-27T17:10:10.511068
E1007,AD,Resource_Access,2026-06-15T17:10:10.511072
E1193,Okta,Login_Failed,2026-05-28T17:10:10.511077
E1143,AWS,Login_Success,2026-06-13T17:10:10.511082
E1226,AD,Login_Success,2026-06-12T17:10:10.511086
E1091,AD,Login_Success,2026-05-30T17:10:10.511091
E1079,Okta,API_Call,2026-06-08T17:10:10.511095
E1162,AWS,Login_Success,2026-06-19T17:10:10.511100
E1199,AD,API_Call,2026-05-25T17:10:10.511105
E1282,Okta,Login_Failed,2026-06-08T17:10:10.511110
E1175,AWS,Login_Success,2026-06-04T17:10:10.511115
E1228,AWS,Login_Failed,2026-06-04T17:10:10.511119
E1025,AWS,API_Call,2026-06-05T17:10:10.511124
E1083,Okta,Login_Success,2026-06-04T17:10:10.511129
E1047,AWS,Login_Failed,2026-06-13T17:10:10.511133
E1036,Okta,API_Call,2026-06-14T17:10:10.511138
E1266,AD,Login_Failed,2026-06-09T17:10:10.511142
E1182,Okta,Login_Failed,2026-06-07T17:10:10.511147
E1292,Okta,Login_Success,2026-06-05T17:10:10.511151
E1234,AWS,Login_Failed,2026-06-02T17:10:10.511156
E1191,Okta,Resource_Access,2026-06-20T17:10:10.511160
E1245,AD,Login_Failed,2026-06-02T17:10:10.511165
E1191,AD,Login_Success,2026-05-23T17:10:10.511169
E1225,AD,Login_Success,2026-06-15T17:10:10.511174
E1268,AD,Resource_Access,2026-06-01T17:10:10.511179
E1151,Okta,Login_Success,2026-05-23T17:10:10.511183
E1154,AD,Login_Failed,2026-06-06T17:10:10.511188
E1016,AWS,Login_Failed,2026-06-13T17:10:10.511193
E1039,Okta,Login_Failed,2026-05-26T17:10:10.511198
E1128,AD,API_Call,2026-06-15T17:10:10.511203
E1012,AWS,Login_Success,2026-06-13T17:10:10.511208
E1175,AWS,Login_Failed,2026-06-17T17:10:10.511212
E1168,AD,Resource_Access,2026-05-25T17:10:10.511217
E1266,Okta,Login_Success,2026-06-15T17:10:10.511222
E1056,Okta,Login_Success,2026-05-23T17:10:10.511226
E1058,Okta,Login_Success,2026-06-18T17:10:10.511232
E1083,Okta,Login_Failed,2026-05-23T17:10:10.511236
E1131,AD,Resource_Access,2026-06-04T17:10:10.511241
E1138,AWS,Login_Success,2026-05-29T17:10:10.511246
E1239,AWS,Login_Failed,2026-05-21T17:10:10.511250
E1083,AWS,API_Call,2026-06-02T17:10:10.511255
E1158,AD,Resource_Access,2026-06-16T17:10:10.511260
E1243,AWS,Login_Failed,2026-05-22T17:10:10.511265
E1086,AWS,Resource_Access,2026-06-12T17:10:10.511270
E1250,AD,Login_Success,2026-06-02T17:10:10.511275
E1203,AD,Login_Success,2026-06-08T17:10:10.511279
E1079,Okta,API_Call,2026-06-07T17:10:10.511284
E1048,AD,Login_Failed,2026-06-07T17:10:10.511288
E1097,AWS,API_Call,2026-05-24T17:10:10.511293
E1288,AWS,API_Call,2026-06-01T17:10:10.511297
E1214,Okta,Resource_Access,2026-05-27T17:10:10.511302
E1081,AWS,Resource_Access,2026-06-15T17:10:10.511307
E1091,Okta,Resource_Access,2026-06-12T17:10:10.511311
E1033,Okta,API_Call,2026-05-27T17:10:10.511316
E1071,Okta,Login_Failed,2026-05-24T17:10:10.511322
E1182,Okta,Login_Failed,2026-06-06T17:10:10.511326
E1191,AD,Login_Failed,2026-06-04T17:10:10.511331
E1157,AWS,Login_Success,2026-06-15T17:10:10.511336
E1255,Okta,Login_Success,2026-05-26T17:10:10.511341
E1174,AD,Resource_Access,2026-05-22T17:10:10.511345
E1034,AD,Login_Success,2026-06-12T17:10:10.511350
E1229,AWS,Login_Success,2026-06-01T17:10:10.511355
E1184,Okta,Resource_Access,2026-05-22T17:10:10.511359
E1157,Okta,API_Call,2026-05-29T17:10:10.511364
E1293,AD,Resource_Access,2026-06-06T17:10:10.511369
E1001,AD,API_Call,2026-06-14T17:10:10.511374
E1153,Okta,Login_Failed,2026-06-01T17:10:10.511379
E1284,Okta,Login_Success,2026-06-09T17:10:10.511383
E1061,Okta,Login_Success,2026-06-15T17:10:10.511388
E1109,AWS,Resource_Access,2026-06-09T17:10:10.511393
E1008,AWS,Login_Failed,2026-06-04T17:10:10.511397
E1002,Okta,Login_Success,2026-05-22T17:10:10.511402
E1174,Okta,API_Call,2026-05-28T17:10:10.511408
E1212,Okta,API_Call,2026-06-09T17:10:10.511412
E1214,AD,Login_Failed,2026-06-06T17:10:10.511417
E1125,Okta,Login_Success,2026-06-12T17:10:10.511422
E1014,AWS,Login_Success,2026-06-03T17:10:10.511426
E1127,Okta,API_Call,2026-06-10T17:10:10.511431
E1078,Okta,API_Call,2026-05-23T17:10:10.511436
E1246,Okta,API_Call,2026-05-29T17:10:10.511440
E1237,AWS,Resource_Access,2026-05-27T17:10:10.511445
E1245,AWS,Resource_Access,2026-05-30T17:10:10.511450
E1077,Okta,Login_Success,2026-06-05T17:10:10.511455
E1078,AWS,Login_Success,2026-06-08T17:10:10.511459
E1010,Okta,Login_Failed,2026-05-26T17:10:10.511464
E1177,AWS,API_Call,2026-06-04T17:10:10.511469
E1288,AD,API_Call,2026-06-13T17:10:10.511473
E1082,AD,Resource_Access,2026-05-30T17:10:10.511478
E1012,AD,Login_Failed,2026-06-05T17:10:10.511483
E1000,AWS,Login_Failed,2026-05-23T17:10:10.511487
E1225,AWS,Login_Failed,2026-05-21T17:10:10.511492
E1218,AWS,Login_Failed,2026-06-13T17:10:10.511497
E1263,AWS,Login_Failed,2026-06-13T17:10:10.511501
E1074,AD,API_Call,2026-06-16T17:10:10.511506
E1238,AD,Login_Success,2026-05-30T17:10:10.511511
E1120,Okta,Login_Success,2026-05-27T17:10:10.511515
E1084,AD,Resource_Access,2026-06-09T17:10:10.511520
E1177,AWS,API_Call,2026-06-05T17:10:10.511525
E1110,Okta,API_Call,2026-06-08T17:10:10.511530
E1229,Okta,Login_Failed,2026-06-19T17:10:10.511535
E1072,AWS,Resource_Access,2026-05-21T17:10:10.511540
E1131,AD,API_Call,2026-06-08T17:10:10.511544
E1014,AWS,Login_Success,2026-05-29T17:10:10.511549
E1289,AWS,API_Call,2026-05-29T17:10:10.511554
E1227,AD,Login_Failed,2026-06-08T17:10:10.511558
E1070,AD,API_Call,2026-06-09T17:10:10.511563
E1268,AD,API_Call,2026-06-13T17:10:10.511567
E1121,AWS,API_Call,2026-06-09T17:10:10.511572
E1155,AWS,Resource_Access,2026-06-14T17:10:10.511577
E1107,Okta,API_Call,2026-06-09T17:10:10.511581
E1157,AWS,Resource_Access,2026-06-15T17:10:10.511586
E1017,AD,Login_Failed,2026-05-25T17:10:10.511591
E1042,Okta,API_Call,2026-05-26T17:10:10.511595
E1051,Okta,Resource_Access,2026-05-24T17:10:10.511600
E1092,AD,Login_Failed,2026-05-26T17:10:10.511604
E1266,AWS,Login_Success,2026-06-15T17:10:10.511609
E1138,AWS,Login_Failed,2026-05-23T17:10:10.511613
E1202,Okta,API_Call,2026-05-26T17:10:10.511620
E1226,AWS,API_Call,2026-06-03T17:10:10.511628
E1067,AD,Resource_Access,2026-06-17T17:10:10.511651
E1057,AD,Login_Failed,2026-05-25T17:10:10.511675
E1243,AWS,Login_Success,2026-06-06T17:10:10.511688
E1144,AWS,API_Call,2026-06-09T17:10:10.511696
E1212,Okta,API_Call,2026-06-09T17:10:10.511703
E1259,AWS,Login_Success,2026-06-09T17:10:10.511710
E1132,Okta,Login_Failed,2026-05-27T17:10:10.511719
E1154,AWS,API_Call,2026-05-30T17:10:10.511734
E1063,AWS,Resource_Access,2026-05-23T17:10:10.511748
E1161,AWS,API_Call,2026-06-06T17:10:10.511758
E1119,AD,API_Call,2026-06-07T17:10:10.511776
E1017,AWS,Login_Success,2026-06-18T17:10:10.511790
E1191,AWS,Login_Failed,2026-06-10T17:10:10.511821
E1037,Okta,API_Call,2026-05-29T17:10:10.511832
E1114,Okta,Resource_Access,2026-06-12T17:10:10.511839
E1126,AWS,Resource_Access,2026-06-07T17:10:10.511847
E1133,AD,Login_Success,2026-06-16T17:10:10.511854
E1051,Okta,API_Call,2026-05-21T17:10:10.511861
E1161,AD,Login_Failed,2026-06-08T17:10:10.511868
E1021,AD,Login_Success,2026-05-22T17:10:10.511875
E1165,Okta,Login_Success,2026-06-20T17:10:10.511882
E1071,Okta,Login_Success,2026-06-17T17:10:10.511889
E1282,Okta,Login_Failed,2026-06-18T17:10:10.511896
E1255,AWS,Login_Failed,2026-06-13T17:10:10.511904
E1154,AWS,Login_Failed,2026-06-16T17:10:10.511911
E1072,AD,Login_Success,2026-06-19T17:10:10.511918
E1023,AWS,Resource_Access,2026-06-06T17:10:10.511925
E1131,AWS,Resource_Access,2026-06-16T17:10:10.511932
E1131,AD,Resource_Access,2026-05-31T17:10:10.511940
E1151,AWS,API_Call,2026-05-22T17:10:10.511948
E1152,AWS,Login_Failed,2026-05-26T17:10:10.511955
E1136,AWS,API_Call,2026-06-09T17:10:10.511962
E1291,AWS,Login_Failed,2026-06-11T17:10:10.511969
E1001,AD,Login_Failed,2026-06-09T17:10:10.511976
E1004,AWS,Login_Success,2026-05-29T17:10:10.511983
E1006,AWS,API_Call,2026-06-20T17:10:10.511990
E1116,AWS,Login_Failed,2026-05-26T17:10:10.511997
E1093,Okta,API_Call,2026-06-14T17:10:10.512004
E1039,Okta,Resource_Access,2026-06-08T17:10:10.512011
E1117,AD,Resource_Access,2026-05-25T17:10:10.512019
E1175,AD,API_Call,2026-06-18T17:10:10.512026
E1178,Okta,Login_Failed,2026-06-04T17:10:10.512033
E1249,AWS,API_Call,2026-06-07T17:10:10.512042
E1250,AD,Login_Failed,2026-06-16T17:10:10.512048
E1196,AD,Resource_Access,2026-06-01T17:10:10.512055
E1035,AWS,Resource_Access,2026-06-14T17:10:10.512062
E1253,AD,Login_Failed,2026-06-19T17:10:10.512069
E1173,AD,Login_Failed,2026-06-17T17:10:10.512076
E1283,AWS,Login_Failed,2026-05-29T17:10:10.512083
E1060,Okta,Login_Success,2026-06-13T17:10:10.512090
E1174,AD,Login_Success,2026-06-05T17:10:10.512096
E1041,AWS,Resource_Access,2026-06-11T17:10:10.512103
E1055,Okta,Assumed_Admin_Role,2026-06-19T17:10:10.512114
E1292,AWS,Privilege_Escalation,2026-06-19T17:10:10.512124
E1114,Okta,Privilege_Escalation,2026-06-11T17:10:10.512132
E1162,AWS,Privilege_Escalation,2026-06-15T17:10:10.512139
E1092,AWS,Privilege_Escalation,2026-06-16T17:10:10.512146
E1198,Okta,Privilege_Escalation,2026-06-19T17:10:10.512154
E1132,Okta,Privilege_Escalation,2026-06-11T17:10:10.512161
E1231,Okta,Assumed_Admin_Role,2026-06-15T17:10:10.512168
E1199,AWS,Privilege_Escalation,2026-06-11T17:10:10.512176
E1281,AWS,Assumed_Admin_Role,2026-06-12T17:10:10.512183
E1251,AWS,Assumed_Admin_Role,2026-06-19T17:10:10.512189
E1041,AWS,Privilege_Escalation,2026-06-13T17:10:10.512197
E1213,AWS,Privilege_Escalation,2026-06-15T17:10:10.512204
E1097,AWS,Assumed_Admin_Role,2026-06-16T17:10:10.512214
E1227,AWS,Assumed_Admin_Role,2026-06-10T17:10:10.512221
E1095,Okta,Privilege_Escalation,2026-06-16T17:10:10.512228
E1043,Okta,Privilege_Escalation,2026-06-10T17:10:10.512235
E1062,AWS,Privilege_Escalation,2026-06-14T17:10:10.512243
E1252,AWS,Privilege_Escalation,2026-06-12T17:10:10.512250
E1180,Okta,Assumed_Admin_Role,2026-06-12T17:10:10.512257
E1076,AWS,Assumed_Admin_Role,2026-06-14T17:10:10.512265
E1223,Okta,Privilege_Escalation,2026-06-12T17:10:10.512272
E1060,Okta,Assumed_Admin_Role,2026-06-16T17:10:10.512279
E1067,AWS,Assumed_Admin_Role,2026-06-14T17:10:10.512286
E1210,Okta,Privilege_Escalation,2026-06-18T17:10:10.512307
E1239,AWS,Assumed_Admin_Role,2026-06-15T17:10:10.512314
E1282,Okta,Assumed_Admin_Role,2026-06-19T17:10:10.512321
E1188,Okta,Privilege_Escalation,2026-06-19T17:10:10.512328
E1297,AWS,Assumed_Admin_Role,2026-06-18T17:10:10.512336
E1246,Okta,Privilege_Escalation,2026-06-11T17:10:10.512343
E1172,AWS,Assumed_Admin_Role,2026-06-14T17:10:10.512350
E1106,Okta,Privilege_Escalation,2026-06-18T17:10:10.512357
E1203,AWS,Privilege_Escalation,2026-06-17T17:10:10.512364
E1193,AWS,Privilege_Escalation,2026-06-18T17:10:10.512371
E1241,AWS,Privilege_Escalation,2026-06-19T17:10:10.512378
E1017,Okta,Assumed_Admin_Role,2026-06-11T17:10:10.512387
E1298,AWS,Assumed_Admin_Role,2026-06-16T17:10:10.512397
E1197,AWS,Privilege_Escalation,2026-06-12T17:10:10.512408
E1161,Okta,Privilege_Escalation,2026-06-14T17:10:10.512419
E1089,Okta,Assumed_Admin_Role,2026-06-19T17:10:10.512427
E1114,AWS,Privilege_Escalation,2026-06-15T17:10:10.512434
E1036,AWS,Privilege_Escalation,2026-06-18T17:10:10.512442
E1087,Okta,Privilege_Escalation,2026-06-16T17:10:10.512449
E1072,AWS,Privilege_Escalation,2026-06-11T17:10:10.512456
E1089,Okta,Privilege_Escalation,2026-06-10T17:10:10.512463
E1220,Okta,Assumed_Admin_Role,2026-06-18T17:10:10.512471
E1133,AWS,Assumed_Admin_Role,2026-06-11T17:10:10.512478
E1032,AWS,Assumed_Admin_Role,2026-06-14T17:10:10.512485
E1177,Okta,Assumed_Admin_Role,2026-06-13T17:10:10.512493
E1116,Okta,Privilege_Escalation,2026-06-10T17:10:10.512500
E1256,AWS,Assumed_Admin_Role,2026-06-11T17:10:10.512507
E1243,Okta,Assumed_Admin_Role,2026-06-12T17:10:10.512514
E1071,AWS,Privilege_Escalation,2026-06-15T17:10:10.512522
E1168,AWS,Assumed_Admin_Role,2026-06-19T17:10:10.512536
E1028,AWS,Privilege_Escalation,2026-06-14T17:10:10.512547
E1222,Okta,Privilege_Escalation,2026-06-18T17:10:10.512557
E1184,Okta,Assumed_Admin_Role,2026-06-17T17:10:10.512563
E1019,Okta,Assumed_Admin_Role,2026-06-10T17:10:10.512570
E1117,AWS,Assumed_Admin_Role,2026-06-15T17:10:10.512577
E1236,Okta,Privilege_Escalation,2026-06-18T17:10:10.512585
E1043,AWS,Token_Used,2026-06-17T17:10:10.512593
E1208,AWS,Token_Used,2026-06-17T17:10:10.512599
E1266,AWS,Token_Used,2026-06-16T17:10:10.512606
E1095,AWS,Token_Used,2026-06-20T17:10:10.512612
E1170,AWS,Token_Used,2026-06-20T17:10:10.512622
E1040,AWS,Token_Used,2026-06-18T17:10:10.512628
E1043,AWS,Token_Used,2026-06-17T17:10:10.512633
E1170,AWS,Token_Used,2026-06-20T17:10:10.512639
E1252,AWS,Token_Used,2026-06-15T17:10:10.512645
E1040,AWS,Token_Used,2026-06-15T17:10:10.512651
E1170,AWS,Token_Used,2026-06-20T17:10:10.512656
E1095,AWS,Token_Used,2026-06-16T17:10:10.512661
E1040,AWS,Token_Used,2026-06-18T17:10:10.512667
E1057,AWS,Token_Used,2026-06-16T17:10:10.512672
E1208,AWS,Token_Used,2026-06-18T17:10:10.512677
E1057,AWS,Token_Used,2026-06-15T17:10:10.512683
E1252,AWS,Token_Used,2026-06-19T17:10:10.512688
E1040,AWS,Token_Used,2026-06-15T17:10:10.512693
E1170,AWS,Token_Used,2026-06-17T17:10:10.512699
E1057,AWS,Token_Used,2026-06-20T17:10:10.512705
E1252,AWS,Token_Used,2026-06-17T17:10:10.512710
E1095,AWS,Token_Used,2026-06-17T17:10:10.512715
E1208,AWS,Token_Used,2026-06-19T17:10:10.512720
E1043,AWS,Token_Used,2026-06-20T17:10:10.512726
E1191,AWS,Token_Used,2026-06-16T17:10:10.512731
E1040,AWS,Token_Used,2026-06-16T17:10:10.512736
E1170,AWS,Token_Used,2026-06-18T17:10:10.512742
E1266,AWS,Token_Used,2026-06-17T17:10:10.512747
E1057,AWS,Token_Used,2026-06-17T17:10:10.512752
E1208,AWS,Token_Used,2026-06-19T17:10:10.512758
E1191,AWS,Token_Used,2026-06-16T17:10:10.512763
E1252,AWS,Token_Used,2026-06-17T17:10:10.512768
E1170,AWS,Token_Used,2026-06-15T17:10:10.512774
E1252,AWS,Token_Used,2026-06-16T17:10:10.512779
E1057,AWS,Token_Used,2026-06-19T17:10:10.512785
E1252,AWS,Token_Used,2026-06-20T17:10:10.512790
E1095,AWS,Token_Used,2026-06-17T17:10:10.512795
E1043,AWS,Token_Used,2026-06-15T17:10:10.512801
E1266,AWS,Token_Used,2026-06-20T17:10:10.512807
E1170,AWS,Token_Used,2026-06-17T17:10:10.512812
E1043,AWS,Token_Used,2026-06-18T17:10:10.512818
E1252,AWS,Token_Used,2026-06-18T17:10:10.512823
E1043,AWS,Token_Used,2026-06-16T17:10:10.512828
E1040,AWS,Token_Used,2026-06-18T17:10:10.512834
E1208,AWS,Token_Used,2026-06-18T17:10:10.512839
E1191,AWS,Token_Used,2026-06-16T17:10:10.512845
E1208,AWS,Token_Used,2026-06-17T17:10:10.512850
E1040,AWS,Token_Used,2026-06-19T17:10:10.512856
E1159,Okta,Group_Added,2026-06-11T17:10:10.512865
E1270,AD,Role_Assigned,2026-06-05T17:10:10.512874
E1040,AWS,Role_Assigned,2026-05-30T17:10:10.512882
E1124,AWS,Group_Removed,2026-05-21T17:10:10.512890
E1222,AWS,Role_Removed,2026-05-04T17:10:10.512897
E1246,AD,Role_Removed,2026-05-17T17:10:10.512904
E1203,AWS,Group_Removed,2026-05-12T17:10:10.512911
E1142,Okta,Role_Assigned,2026-05-27T17:10:10.512918
E1128,Okta,Role_Assigned,2026-06-04T17:10:10.512926
E1088,AD,Group_Added,2026-06-08T17:10:10.512932
E1248,AD,Group_Removed,2026-05-10T17:10:10.512940
E1227,AD,Group_Removed,2026-05-09T17:10:10.512947
E1248,Okta,Group_Added,2026-04-26T17:10:10.512954
E1096,AD,Group_Added,2026-04-26T17:10:10.512961
E1198,AD,Group_Removed,2026-05-19T17:10:10.512968
E1206,AWS,Group_Removed,2026-04-26T17:10:10.512975
E1058,AD,Role_Removed,2026-06-08T17:10:10.512982
E1190,AWS,Role_Assigned,2026-06-18T17:10:10.512990
E1147,Okta,Group_Added,2026-05-30T17:10:10.512997
E1294,AWS,Role_Removed,2026-06-19T17:10:10.513004
E1152,Okta,Group_Added,2026-05-29T17:10:10.513010
E1044,AD,Group_Added,2026-04-30T17:10:10.513018
E1069,Okta,Group_Added,2026-04-25T17:10:10.513025
E1113,AD,Group_Added,2026-06-06T17:10:10.513033
E1208,AWS,Group_Removed,2026-05-09T17:10:10.513040
E1019,AD,Group_Removed,2026-05-18T17:10:10.513047
E1273,AWS,Role_Removed,2026-05-15T17:10:10.513055
E1252,AWS,Group_Added,2026-04-23T17:10:10.513061
E1141,AWS,Role_Removed,2026-06-07T17:10:10.513069
E1019,Okta,Role_Removed,2026-04-26T17:10:10.513076
E1019,AWS,Role_Removed,2026-05-24T17:10:10.513084
E1119,Okta,Role_Removed,2026-05-31T17:10:10.513091
E1090,Okta,Role_Assigned,2026-06-09T17:10:10.513099
E1037,AD,Role_Assigned,2026-05-03T17:10:10.513108
E1277,AWS,Group_Removed,2026-06-01T17:10:10.513115
E1237,Okta,Group_Added,2026-06-11T17:10:10.513123
E1250,AD,Role_Removed,2026-06-09T17:10:10.513130
E1065,Okta,Group_Added,2026-05-13T17:10:10.513137
E1067,Okta,Role_Removed,2026-05-13T17:10:10.513144
E1087,AD,Role_Assigned,2026-05-29T17:10:10.513151
E1161,Okta,Group_Removed,2026-06-12T17:10:10.513158
E1195,Okta,Group_Removed,2026-05-06T17:10:10.513165
E1278,AD,Group_Removed,2026-05-20T17:10:10.513172
E1165,AD,Role_Removed,2026-06-08T17:10:10.513179
E1149,AD,Group_Removed,2026-05-03T17:10:10.513186
E1002,AWS,Group_Removed,2026-06-06T17:10:10.513193
E1074,AD,Role_Assigned,2026-06-09T17:10:10.513201
E1060,Okta,Group_Removed,2026-05-07T17:10:10.513208
E1213,AWS,Role_Removed,2026-05-24T17:10:10.513215
E1025,AD,Group_Removed,2026-05-05T17:10:10.513223
E1000,AWS,Role_Assigned,2026-05-18T17:10:10.513231
E1096,AWS,Group_Removed,2026-04-29T17:10:10.513238
E1080,AD,Group_Removed,2026-05-04T17:10:10.513246
E1295,Okta,Group_Removed,2026-05-18T17:10:10.513253
E1194,AD,Group_Added,2026-05-23T17:10:10.513260
E1071,AWS,Group_Added,2026-05-22T17:10:10.513267
E1133,AWS,Group_Added,2026-05-12T17:10:10.513274
E1145,Okta,Role_Removed,2026-05-22T17:10:10.513281
E1035,AD,Role_Assigned,2026-06-09T17:10:10.513289
E1097,Okta,Role_Removed,2026-05-26T17:10:10.513296
E1291,AWS,Group_Removed,2026-06-19T17:10:10.513303
E1193,AWS,Role_Removed,2026-04-25T17:10:10.513310
E1029,AD,Group_Added,2026-05-31T17:10:10.513317
E1057,Okta,Role_Assigned,2026-06-15T17:10:10.513325
E1068,Okta,Group_Removed,2026-05-11T17:10:10.513332
E1048,AD,Group_Removed,2026-05-05T17:10:10.513339
E1063,Okta,Role_Removed,2026-05-27T17:10:10.513346
E1187,AWS,Role_Assigned,2026-05-02T17:10:10.513353
E1088,AWS,Role_Removed,2026-06-10T17:10:10.513361
E1119,AD,Role_Assigned,2026-05-25T17:10:10.513368
E1033,AWS,Group_Removed,2026-06-02T17:10:10.513375
E1286,AD,Role_Removed,2026-06-08T17:10:10.513382
E1296,Okta,Group_Added,2026-06-20T17:10:10.513389
E1166,AWS,Group_Removed,2026-05-17T17:10:10.513396
E1204,Okta,Group_Removed,2026-06-05T17:10:10.513403
E1041,Okta,Group_Removed,2026-05-22T17:10:10.513410
E1106,AWS,Role_Assigned,2026-05-13T17:10:10.513417
E1093,AD,Group_Added,2026-05-12T17:10:10.513424
E1089,AD,Role_Assigned,2026-06-09T17:10:10.513432
E1040,AD,Group_Added,2026-06-18T17:10:10.513438
E1119,AD,Group_Added,2026-05-30T17:10:10.513446
E1109,AD,Role_Assigned,2026-05-25T17:10:10.513453
E1193,AD,Group_Added,2026-05-12T17:10:10.513460
E1225,Okta,Role_Removed,2026-05-22T17:10:10.513468
E1049,AWS,Role_Assigned,2026-06-15T17:10:10.513475
E1028,AWS,Group_Added,2026-04-24T17:10:10.513482
E1207,AD,Group_Removed,2026-04-28T17:10:10.513490
E1187,AD,Group_Added,2026-05-21T17:10:10.513496
E1223,AD,Group_Added,2026-05-30T17:10:10.513504
E1072,AWS,Role_Removed,2026-05-07T17:10:10.513511
E1244,Okta,Role_Assigned,2026-06-14T17:10:10.513517
E1017,Okta,Role_Assigned,2026-05-21T17:10:10.513525
E1082,AWS,Group_Added,2026-06-04T17:10:10.513534
E1072,Okta,Group_Added,2026-04-22T17:10:10.513541
E1112,Okta,Group_Removed,2026-05-18T17:10:10.513548
E1172,AWS,Role_Removed,2026-04-25T17:10:10.513555
E1180,Okta,Group_Added,2026-06-08T17:10:10.513562
E1280,AD,Role_Assigned,2026-05-22T17:10:10.513569
E1182,Okta,Role_Removed,2026-04-30T17:10:10.513577
E1217,AWS,Role_Assigned,2026-05-30T17:10:10.513584
E1164,Okta,Role_Removed,2026-06-20T17:10:10.513591
E1074,Okta,Group_Added,2026-06-04T17:10:10.513598
E1090,AWS,Group_Added,2026-05-19T17:10:10.513605
E1187,AWS,Role_Assigned,2026-06-13T17:10:10.513612
E1052,AWS,Group_Removed,2026-05-05T17:10:10.513622
E1186,Okta,Role_Assigned,2026-04-28T17:10:10.513630
E1014,AD,Group_Added,2026-04-28T17:10:10.513637
E1062,Okta,Group_Removed,2026-04-23T17:10:10.513644
E1165,AD,Role_Removed,2026-05-21T17:10:10.513651
E1095,Okta,Group_Removed,2026-04-24T17:10:10.513657
E1288,AWS,Group_Removed,2026-05-01T17:10:10.513665
E1291,Okta,Role_Assigned,2026-04-28T17:10:10.513672
E1281,AWS,Group_Added,2026-05-16T17:10:10.513679
E1288,AD,Role_Removed,2026-05-15T17:10:10.513686
E1292,AWS,Role_Assigned,2026-06-11T17:10:10.513693
E1013,AD,Group_Added,2026-05-27T17:10:10.513701
E1173,AD,Group_Removed,2026-06-09T17:10:10.513708
E1078,AWS,Group_Added,2026-05-06T17:10:10.513716
E1265,AWS,Group_Removed,2026-06-15T17:10:10.513723
E1172,AD,Group_Added,2026-05-23T17:10:10.513730
E1044,AD,Group_Added,2026-06-09T17:10:10.513747
E1209,AWS,Role_Assigned,2026-05-02T17:10:10.513752
E1074,AD,Group_Removed,2026-05-19T17:10:10.513757
E1261,AWS,Role_Removed,2026-06-08T17:10:10.513762
E1085,AWS,Group_Added,2026-05-02T17:10:10.513767
E1053,AD,Role_Assigned,2026-04-29T17:10:10.513771
E1202,Okta,Role_Removed,2026-06-07T17:10:10.513776
E1160,AWS,Group_Removed,2026-05-06T17:10:10.513781
E1203,AD,Role_Assigned,2026-06-01T17:10:10.513786
E1122,Okta,Role_Assigned,2026-05-30T17:10:10.513791
E1210,AD,Role_Assigned,2026-05-18T17:10:10.513795
E1211,AD,Group_Added,2026-05-11T17:10:10.513800
